R_squared,MAPE_%,NMAE,NRMSE
0.8316619206659522,16.356952155691175,0.07463603598029445,0.09283306537069157
